{"assets/icons/arrow-left.svg":["assets/icons/arrow-left.svg"],"assets/icons/arrow-right.svg":["assets/icons/arrow-right.svg"],"assets/icons/calendar.svg":["assets/icons/calendar.svg"],"assets/icons/camera.svg":["assets/icons/camera.svg"],"assets/icons/close.svg":["assets/icons/close.svg"],"assets/icons/filter.svg":["assets/icons/filter.svg"],"assets/icons/fingerprint.svg":["assets/icons/fingerprint.svg"],"assets/icons/hide.svg":["assets/icons/hide.svg"],"assets/icons/home-active.svg":["assets/icons/home-active.svg"],"assets/icons/home.svg":["assets/icons/home.svg"],"assets/icons/info-active.svg":["assets/icons/info-active.svg"],"assets/icons/info-circle.svg":["assets/icons/info-circle.svg"],"assets/icons/info.svg":["assets/icons/info.svg"],"assets/icons/location.svg":["assets/icons/location.svg"],"assets/icons/logout.svg":["assets/icons/logout.svg"],"assets/icons/password.svg":["assets/icons/password.svg"],"assets/icons/people.svg":["assets/icons/people.svg"],"assets/icons/profile-1.svg":["assets/icons/profile-1.svg"],"assets/icons/profile-active.svg":["assets/icons/profile-active.svg"],"assets/icons/profile.svg":["assets/icons/profile.svg"],"assets/icons/send-active.svg":["assets/icons/send-active.svg"],"assets/icons/send.svg":["assets/icons/send.svg"],"assets/icons/show.svg":["assets/icons/show.svg"],"assets/icons/success-circle.svg":["assets/icons/success-circle.svg"],"assets/icons/warning-circle.svg":["assets/icons/warning-circle.svg"],"assets/images/logoSimon.png":["assets/images/logoSimon.png"],"assets/images/patern-1.png":["assets/images/patern-1.png"],"assets/images/patern.jpg":["assets/images/patern.jpg"],"assets/images/pattern-1.png":["assets/images/pattern-1.png"],"packages/cupertino_icons/assets/CupertinoIcons.ttf":["packages/cupertino_icons/assets/CupertinoIcons.ttf"],"packages/font_awesome_flutter/lib/fonts/fa-brands-400.ttf":["packages/font_awesome_flutter/lib/fonts/fa-brands-400.ttf"],"packages/font_awesome_flutter/lib/fonts/fa-regular-400.ttf":["packages/font_awesome_flutter/lib/fonts/fa-regular-400.ttf"],"packages/font_awesome_flutter/lib/fonts/fa-solid-900.ttf":["packages/font_awesome_flutter/lib/fonts/fa-solid-900.ttf"]}